<?xml version="1.0" encoding="UTF-8"?>
<!DOCTYPE mapper PUBLIC "-//mybatis.org//DTD Mapper 3.0//EN" "http://mybatis.org/dtd/mybatis-3-mapper.dtd" >
<mapper namespace="memberMapper">
 
  
 <!--  USER_ID와 USER_PWD 컬럼은 Member 객체의 필드 변수명과 일치하지 않아서 정보를 가져오지 못한다. -->
 
    <resultMap type="Member" id="memberResultSet">
	  	<id property="userNo" column="USER_NO" />
	  	<id property="userId" column="USER_ID" />
	  	<id property="userPwd" column="USER_PWD" />
	  	<id property="userName" column="USER_NAME" />
	  	<id property="email" column="EMAIL" />
	  	<id property="birthday" column="BIRTHDAY" />
	  	<id property="gender" column="GENDER" />
	  	<id property="phone" column="PHONE" />
	  	<id property="address" column="ADDRESS" />
	  	<id property="enrollDate" column="ENROLL_DATE" />
	  	<id property="modifyDate" column="MODIFY_DATE" />
	  	<id property="status" column="STATUS" />  	
  </resultMap>
 
  <!-- <select id = "loginMember" parameterType="Member" resultType="Member"> -->
  
  <select id = "loginMember" parameterType="Member" resultMap="memberResultSet">
  	SELECT * 
  	FROM MEMBER
  	WHERE USER_ID = #{userId}
  	AND USER_PWD = #{userPwd}
  	AND STATUS='Y'
  
  </select>
  
  
  <insert id ="insertMember" parameterType ="Member">
	INSERT INTO MEMBER
		VALUES(SEQ_UNO.NEXTVAL, #{userId}, #{userPwd}, #{userName}, #{email},
				#{birthday}, #{gender}, #{phone}, #{address}, SYSDATE, SYSDATE, DEFAULT)
  
  </insert>
  
  <update id="updateMember" parameterType ="Member">
  
	UPDATE MEMBER SET 
	EMAIL = #{email},
	BIRTHDAY = #{birthday},
	GENDER = #{gender},
	PHONE = #{phone},
	ADDRESS = #{address}
	WHERE USER_ID = #{userId}
  
  </update>
  
<!-- 탈퇴 방법 1

   <delete id="deleteMember" parameterType="string">
  
  DELETE FROM MEMBER WHERE USER_ID= #{userId}
  
  </delete> -->
<!-- 탈퇴 방법 2  -->
  <update id="deleteMember" parameterType="string">
  UPDATE MEMBER SET STATUS = 'N' WHERE USER_ID = #{value}
  </update>
  
  
  
</mapper>
